"","name","sex","count","year","rank"
"943","John","M",9655,1880,1
"944","William","M",9532,1880,2
"1","Mary","F",7065,1880,3
"945","James","M",5927,1880,4
"946","Charles","M",5348,1880,5
"947","George","M",5126,1880,6
"948","Frank","M",3242,1880,7
"949","Joseph","M",2632,1880,8
"2","Anna","F",2604,1880,9
"950","Thomas","M",2534,1880,10
"951","Henry","M",2444,1880,11
"952","Robert","M",2415,1880,12
"953","Edward","M",2364,1880,13
"954","Harry","M",2152,1880,14
"3","Emma","F",2003,1880,15
"4","Elizabeth","F",1939,1880,16
"955","Walter","M",1755,1880,17
"5","Minnie","F",1746,1880,18
"956","Arthur","M",1599,1880,19
"6","Margaret","F",1578,1880,20
"957","Fred","M",1569,1880,21
"958","Albert","M",1493,1880,22
"7","Ida","F",1472,1880,23
"8","Alice","F",1414,1880,24
"9","Bertha","F",1320,1880,25
"10","Sarah","F",1288,1880,26
"11","Annie","F",1258,1880,27
"12","Clara","F",1226,1880,28
"13","Ella","F",1156,1880,29
"14","Florence","F",1063,1880,30
"15","Cora","F",1045,1880,31
"16","Martha","F",1040,1880,32
"959","Samuel","M",1024,1880,33
"17","Laura","F",1012,1880,34
"18","Nellie","F",995,1880,35
"19","Grace","F",982,1880,36
"20","Carrie","F",949,1880,37
"960","David","M",869,1880,38
"21","Maude","F",859,1880,39
"961","Louis","M",828,1880,40
"22","Mabel","F",808,1880,41
"23","Bessie","F",796,1880,42
"24","Jennie","F",793,1880,43
"25","Gertrude","F",787,1880,44
"26","Julia","F",783,1880,45
"27","Hattie","F",769,1880,46
"28","Edith","F",768,1880,47
"962","Joe","M",731,1880,48
"963","Charlie","M",730,1880,49
"964","Clarence","M",730,1880,50
"965","Richard","M",728,1880,51
"29","Mattie","F",704,1880,52
"30","Rose","F",700,1880,53
"31","Catherine","F",688,1880,54
"32","Lillian","F",672,1880,55
"33","Ada","F",652,1880,56
"34","Lillie","F",647,1880,57
"966","Andrew","M",644,1880,58
"967","Daniel","M",643,1880,59
"35","Helen","F",636,1880,60
"36","Jessie","F",635,1880,61
"37","Louise","F",635,1880,62
"38","Ethel","F",633,1880,63
"39","Lula","F",621,1880,64
"40","Myrtle","F",615,1880,65
"968","Ernest","M",615,1880,66
"41","Eva","F",614,1880,67
"42","Frances","F",605,1880,68
"43","Lena","F",603,1880,69
"44","Lucy","F",590,1880,70
"45","Edna","F",588,1880,71
"969","Will","M",588,1880,72
"46","Maggie","F",582,1880,73
"47","Pearl","F",569,1880,74
"970","Jesse","M",569,1880,75
"48","Daisy","F",564,1880,76
"49","Fannie","F",560,1880,77
"50","Josephine","F",544,1880,78
"971","Oscar","M",544,1880,79
"51","Dora","F",524,1880,80
"972","Lewis","M",517,1880,81
"52","Rosa","F",507,1880,82
"53","Katherine","F",502,1880,83
"973","Peter","M",496,1880,84
"974","Benjamin","M",490,1880,85
"975","Frederick","M",483,1880,86
"976","Willie","M",476,1880,87
"54","Agnes","F",473,1880,88
"55","Marie","F",471,1880,89
"56","Nora","F",471,1880,90
"977","Alfred","M",469,1880,91
"57","May","F",462,1880,92
"978","Sam","M",457,1880,93
"979","Roy","M",440,1880,94
"58","Mamie","F",436,1880,95
"59","Blanche","F",427,1880,96
"980","Herbert","M",424,1880,97
"60","Stella","F",414,1880,98
"61","Ellen","F",411,1880,99
"62","Nancy","F",410,1880,100
"63","Effie","F",406,1880,101
"64","Sallie","F",404,1880,102
"981","Jacob","M",404,1880,103
"65","Nettie","F",403,1880,104
"982","Tom","M",399,1880,105
"66","Della","F",391,1880,106
"67","Lizzie","F",388,1880,107
"983","Elmer","M",373,1880,108
"984","Carl","M",372,1880,109
"68","Flora","F",365,1880,110
"69","Susie","F",361,1880,111
"985","Lee","M",361,1880,112
"986","Howard","M",357,1880,113
"987","Martin","M",357,1880,114
"988","Michael","M",354,1880,115
"989","Bert","M",348,1880,116
"990","Herman","M",347,1880,117
"70","Maud","F",345,1880,118
"991","Jim","M",345,1880,119
"71","Mae","F",344,1880,120
"992","Francis","M",344,1880,121
"993","Harvey","M",344,1880,122
"994","Earl","M",335,1880,123
"995","Eugene","M",328,1880,124
"72","Etta","F",323,1880,125
"73","Harriet","F",319,1880,126
"74","Sadie","F",317,1880,127
"996","Ralph","M",317,1880,128
"997","Ed","M",310,1880,129
"998","Claude","M",309,1880,130
"999","Edwin","M",309,1880,131
"75","Caroline","F",306,1880,132
"1000","Ben","M",305,1880,133
"1001","Charley","M",305,1880,134
"76","Katie","F",303,1880,135
"77","Lydia","F",302,1880,136
"78","Elsie","F",301,1880,137
"1002","Paul","M",301,1880,138
"79","Kate","F",299,1880,139
"80","Susan","F",286,1880,140
"81","Mollie","F",283,1880,141
"1003","Edgar","M",283,1880,142
"82","Alma","F",277,1880,143
"83","Addie","F",274,1880,144
"1004","Isaac","M",274,1880,145
"1005","Otto","M",271,1880,146
"1006","Luther","M",260,1880,147
"84","Georgia","F",259,1880,148
"1007","Lawrence","M",257,1880,149
"85","Eliza","F",252,1880,150
"86","Lulu","F",249,1880,151
"1008","Ira","M",249,1880,152
"87","Nannie","F",248,1880,153
"1009","Patrick","M",248,1880,154
"88","Lottie","F",245,1880,155
"89","Amanda","F",241,1880,156
"1010","Guy","M",239,1880,157
"90","Belle","F",238,1880,158
"91","Charlotte","F",237,1880,159
"92","Rebecca","F",236,1880,160
"93","Ruth","F",234,1880,161
"1011","Oliver","M",234,1880,162
"1012","Theodore","M",232,1880,163
"94","Viola","F",229,1880,164
"95","Olive","F",224,1880,165
"1013","Hugh","M",224,1880,166
"96","Amelia","F",221,1880,167
"97","Hannah","F",221,1880,168
"1014","Clyde","M",221,1880,169
"98","Jane","F",215,1880,170
"99","Virginia","F",213,1880,171
"1015","Alexander","M",211,1880,172
"100","Emily","F",210,1880,173
"101","Matilda","F",210,1880,174
"1016","August","M",210,1880,175
"1017","Floyd","M",206,1880,176
"1018","Homer","M",205,1880,177
"102","Irene","F",204,1880,178
"103","Kathryn","F",204,1880,179
"1019","Jack","M",204,1880,180
"1020","Leonard","M",200,1880,181
"1021","Horace","M",199,1880,182
"104","Esther","F",198,1880,183
"105","Willie","F",192,1880,184
"106","Henrietta","F",191,1880,185
"1022","Marion","M",189,1880,186
"1023","Philip","M",186,1880,187
"1024","Allen","M",184,1880,188
"107","Ollie","F",183,1880,189
"1025","Archie","M",183,1880,190
"1026","Stephen","M",176,1880,191
"1027","Chester","M",168,1880,192
"108","Amy","F",167,1880,193
"109","Rachel","F",166,1880,194
"1028","Willis","M",166,1880,195
"110","Sara","F",165,1880,196
"1029","Raymond","M",165,1880,197
"1030","Rufus","M",163,1880,198
"111","Estella","F",162,1880,199
"1031","Warren","M",158,1880,200
"1032","Jessie","M",154,1880,201
"112","Theresa","F",153,1880,202
"113","Augusta","F",151,1880,203
"114","Ora","F",149,1880,204
"1033","Milton","M",149,1880,205
"1034","Alex","M",147,1880,206
"1035","Leo","M",147,1880,207
"115","Pauline","F",144,1880,208
"1036","Julius","M",143,1880,209
"1037","Ray","M",142,1880,210
"1038","Sidney","M",142,1880,211
"116","Josie","F",141,1880,212
"1039","Bernard","M",140,1880,213
"1040","Dan","M",140,1880,214
"117","Lola","F",138,1880,215
"118","Sophia","F",138,1880,216
"119","Leona","F",137,1880,217
"120","Anne","F",136,1880,218
"1041","Jerry","M",136,1880,219
"1042","Calvin","M",134,1880,220
"1043","Perry","M",134,1880,221
"121","Mildred","F",132,1880,222
"122","Ann","F",131,1880,223
"123","Beulah","F",131,1880,224
"124","Callie","F",131,1880,225
"125","Lou","F",131,1880,226
"1044","Dave","M",131,1880,227
"1045","Anthony","M",130,1880,228
"126","Delia","F",129,1880,229
"127","Eleanor","F",129,1880,230
"1046","Eddie","M",129,1880,231
"1047","Amos","M",128,1880,232
"1048","Dennis","M",128,1880,233
"128","Barbara","F",127,1880,234
"129","Iva","F",127,1880,235
"1049","Clifford","M",127,1880,236
"130","Louisa","F",126,1880,237
"131","Maria","F",125,1880,238
"132","Mayme","F",124,1880,239
"1050","Leroy","M",124,1880,240
"1051","Wesley","M",123,1880,241
"133","Evelyn","F",122,1880,242
"1052","Alonzo","M",122,1880,243
"1053","Garfield","M",122,1880,244
"1054","Franklin","M",120,1880,245
"134","Estelle","F",119,1880,246
"135","Nina","F",119,1880,247
"1055","Emil","M",119,1880,248
"1056","Leon","M",118,1880,249
"136","Betty","F",117,1880,250
"137","Marion","F",115,1880,251
"1057","Nathan","M",114,1880,252
"138","Bettie","F",113,1880,253
"1058","Harold","M",113,1880,254
"1059","Matthew","M",113,1880,255
"139","Dorothy","F",112,1880,256
"1060","Levi","M",112,1880,257
"140","Luella","F",111,1880,258
"1061","Moses","M",111,1880,259
"1062","Everett","M",110,1880,260
"1063","Lester","M",109,1880,261
"1064","Winfield","M",108,1880,262
"141","Inez","F",106,1880,263
"142","Lela","F",106,1880,264
"143","Rosie","F",106,1880,265
"144","Allie","F",105,1880,266
"145","Millie","F",105,1880,267
"1065","Adam","M",104,1880,268
"1066","Lloyd","M",104,1880,269
"1067","Mack","M",104,1880,270
"1068","Fredrick","M",103,1880,271
"1069","Jay","M",103,1880,272
"1070","Jess","M",103,1880,273
"1071","Melvin","M",103,1880,274
"1072","Noah","M",103,1880,275
"1073","Aaron","M",102,1880,276
"1074","Alvin","M",102,1880,277
"1075","Norman","M",102,1880,278
"1076","Gilbert","M",101,1880,279
"1077","Elijah","M",100,1880,280
"1078","Victor","M",100,1880,281
"1079","Gus","M",99,1880,282
"1080","Nelson","M",99,1880,283
"1081","Jasper","M",98,1880,284
"1082","Silas","M",98,1880,285
"146","Janie","F",96,1880,286
"1083","Jake","M",96,1880,287
"1084","Christopher","M",95,1880,288
"1085","Mike","M",95,1880,289
"147","Cornelia","F",94,1880,290
"1086","Percy","M",94,1880,291
"148","Victoria","F",93,1880,292
"1087","Adolph","M",93,1880,293
"1088","Maurice","M",93,1880,294
"149","Ruby","F",92,1880,295
"150","Winifred","F",92,1880,296
"1089","Cornelius","M",92,1880,297
"1090","Felix","M",92,1880,298
"1091","Reuben","M",92,1880,299
"151","Alta","F",91,1880,300
"1092","Wallace","M",91,1880,301
"152","Celia","F",90,1880,302
"1093","Claud","M",90,1880,303
"1094","Roscoe","M",90,1880,304
"153","Christine","F",89,1880,305
"1095","Sylvester","M",89,1880,306
"1096","Earnest","M",88,1880,307
"1097","Hiram","M",88,1880,308
"1098","Otis","M",88,1880,309
"1099","Simon","M",88,1880,310
"1100","Willard","M",88,1880,311
"154","Beatrice","F",87,1880,312
"1101","Irvin","M",86,1880,313
"155","Birdie","F",85,1880,314
"1102","Mark","M",85,1880,315
"1103","Jose","M",84,1880,316
"156","Harriett","F",83,1880,317
"157","Mable","F",83,1880,318
"158","Myra","F",83,1880,319
"159","Sophie","F",83,1880,320
"160","Tillie","F",83,1880,321
"1104","Wilbur","M",82,1880,322
"161","Isabel","F",81,1880,323
"162","Sylvia","F",81,1880,324
"1105","Abraham","M",81,1880,325
"1106","Virgil","M",81,1880,326
"163","Carolyn","F",80,1880,327
"164","Isabelle","F",80,1880,328
"165","Leila","F",80,1880,329
"166","Sally","F",80,1880,330
"167","Ina","F",79,1880,331
"1107","Clinton","M",79,1880,332
"1108","Elbert","M",79,1880,333
"1109","Leslie","M",79,1880,334
"168","Essie","F",78,1880,335
"1110","Marshall","M",78,1880,336
"1111","Owen","M",78,1880,337
"1112","Wiley","M",78,1880,338
"169","Bertie","F",77,1880,339
"170","Nell","F",77,1880,340
"1113","Anton","M",77,1880,341
"1114","Morris","M",77,1880,342
"171","Alberta","F",76,1880,343
"172","Katharine","F",76,1880,344
"1115","Manuel","M",75,1880,345
"1116","Phillip","M",75,1880,346
"173","Lora","F",74,1880,347
"174","Rena","F",74,1880,348
"1117","Augustus","M",74,1880,349
"1118","Emmett","M",74,1880,350
"175","Mina","F",73,1880,351
"176","Rhoda","F",73,1880,352
"1119","Eli","M",73,1880,353
"1120","Nicholas","M",73,1880,354
"177","Mathilda","F",72,1880,355
"1121","Wilson","M",72,1880,356
"178","Abbie","F",71,1880,357
"179","Eula","F",70,1880,358
"1122","Alva","M",70,1880,359
"1123","Harley","M",70,1880,360
"1124","Newton","M",70,1880,361
"1125","Timothy","M",70,1880,362
"180","Dollie","F",69,1880,363
"181","Hettie","F",69,1880,364
"1126","Marvin","M",69,1880,365
"1127","Ross","M",69,1880,366
"1128","Curtis","M",68,1880,367
"182","Eunice","F",67,1880,368
"183","Fanny","F",67,1880,369
"184","Ola","F",67,1880,370
"1129","Edmund","M",67,1880,371
"185","Lenora","F",66,1880,372
"1130","Jeff","M",66,1880,373
"186","Adelaide","F",65,1880,374
"187","Christina","F",65,1880,375
"188","Lelia","F",65,1880,376
"189","Nelle","F",65,1880,377
"190","Sue","F",65,1880,378
"1131","Elias","M",65,1880,379
"1132","Harrison","M",65,1880,380
"1133","Stanley","M",65,1880,381
"191","Johanna","F",64,1880,382
"192","Lilly","F",64,1880,383
"1134","Columbus","M",64,1880,384
"1135","Lon","M",64,1880,385
"1136","Ora","M",64,1880,386
"193","Lucinda","F",63,1880,387
"194","Minerva","F",63,1880,388
"1137","Ollie","M",63,1880,389
"195","Lettie","F",62,1880,390
"196","Roxie","F",62,1880,391
"1138","Pearl","M",62,1880,392
"1139","Russell","M",62,1880,393
"1140","Solomon","M",62,1880,394
"197","Cynthia","F",61,1880,395
"1141","Arch","M",61,1880,396
"198","Helena","F",60,1880,397
"199","Hilda","F",60,1880,398
"200","Hulda","F",60,1880,399
"1142","Asa","M",60,1880,400
"1143","Clayton","M",60,1880,401
"1144","Enoch","M",60,1880,402
"1145","Irving","M",60,1880,403
"1146","Mathew","M",60,1880,404
"1147","Nathaniel","M",60,1880,405
"1148","Scott","M",60,1880,406
"201","Bernice","F",59,1880,407
"202","Genevieve","F",59,1880,408
"203","Jean","F",59,1880,409
"1149","Hubert","M",59,1880,410
"1150","Lemuel","M",59,1880,411
"204","Cordelia","F",58,1880,412
"1151","Andy","M",58,1880,413
"1152","Ellis","M",58,1880,414
"1153","Emanuel","M",57,1880,415
"1154","Joshua","M",57,1880,416
"205","Marian","F",56,1880,417
"1155","Millard","M",56,1880,418
"1156","Vernon","M",56,1880,419
"1157","Wade","M",56,1880,420
"206","Francis","F",55,1880,421
"207","Jeanette","F",55,1880,422
"208","Adeline","F",54,1880,423
"209","Gussie","F",54,1880,424
"210","Leah","F",54,1880,425
"1158","Cyrus","M",54,1880,426
"1159","Miles","M",54,1880,427
"1160","Rudolph","M",54,1880,428
"1161","Sherman","M",54,1880,429
"211","Lois","F",53,1880,430
"212","Lura","F",53,1880,431
"213","Mittie","F",53,1880,432
"1162","Austin","M",53,1880,433
"1163","Bill","M",53,1880,434
"1164","Chas","M",53,1880,435
"1165","Lonnie","M",53,1880,436
"1166","Monroe","M",53,1880,437
"1167","Byron","M",52,1880,438
"1168","Edd","M",52,1880,439
"1169","Emery","M",52,1880,440
"1170","Grant","M",52,1880,441
"1171","Jerome","M",52,1880,442
"1172","Max","M",52,1880,443
"1173","Mose","M",52,1880,444
"1174","Steve","M",52,1880,445
"214","Hallie","F",51,1880,446
"1175","Gordon","M",51,1880,447
"215","Isabella","F",50,1880,448
"216","Olga","F",50,1880,449
"217","Phoebe","F",50,1880,450
"218","Teresa","F",50,1880,451
"1176","Abe","M",50,1880,452
"1177","Pete","M",50,1880,453
"219","Hester","F",49,1880,454
"220","Lida","F",49,1880,455
"221","Lina","F",49,1880,456
"222","Winnie","F",49,1880,457
"1178","Chris","M",49,1880,458
"1179","Clark","M",49,1880,459
"1180","Gustave","M",49,1880,460
"1181","Orville","M",49,1880,461
"223","Claudia","F",48,1880,462
"224","Marguerite","F",48,1880,463
"225","Vera","F",48,1880,464
"1182","Lorenzo","M",48,1880,465
"226","Cecelia","F",47,1880,466
"1183","Bruce","M",47,1880,467
"1184","Marcus","M",47,1880,468
"1185","Preston","M",47,1880,469
"227","Bess","F",46,1880,470
"228","Emilie","F",46,1880,471
"229","John","F",46,1880,472
"230","Rosetta","F",46,1880,473
"231","Verna","F",46,1880,474
"1186","Bob","M",46,1880,475
"1187","Dock","M",46,1880,476
"1188","Donald","M",46,1880,477
"1189","Jackson","M",46,1880,478
"232","Myrtie","F",45,1880,479
"1190","Cecil","M",45,1880,480
"233","Cecilia","F",44,1880,481
"234","Elva","F",44,1880,482
"235","Olivia","F",44,1880,483
"236","Ophelia","F",44,1880,484
"1191","Barney","M",44,1880,485
"1192","Delbert","M",44,1880,486
"1193","Edmond","M",44,1880,487
"237","Georgie","F",43,1880,488
"1194","Anderson","M",43,1880,489
"1195","Christian","M",43,1880,490
"1196","Glenn","M",43,1880,491
"1197","Jefferson","M",43,1880,492
"1198","Luke","M",43,1880,493
"1199","Neal","M",43,1880,494
"238","Elnora","F",42,1880,495
"239","Violet","F",42,1880,496
"1200","Burt","M",42,1880,497
"1201","Ike","M",42,1880,498
"1202","Myron","M",42,1880,499
"1203","Tony","M",42,1880,500
"240","Adele","F",41,1880,501
"241","Lily","F",41,1880,502
"242","Linnie","F",41,1880,503
"243","Loretta","F",41,1880,504
"244","Madge","F",41,1880,505
"245","Polly","F",41,1880,506
"246","Virgie","F",41,1880,507
"1204","Conrad","M",41,1880,508
"1205","Joel","M",41,1880,509
"1206","Matt","M",41,1880,510
"1207","Riley","M",41,1880,511
"1208","Vincent","M",41,1880,512
"247","Eugenia","F",40,1880,513
"248","Lucile","F",40,1880,514
"249","Lucille","F",40,1880,515
"1209","Emory","M",40,1880,516
"1210","Isaiah","M",40,1880,517
"1211","Nick","M",40,1880,518
"250","Mabelle","F",39,1880,519
"251","Rosalie","F",39,1880,520
"1212","Ezra","M",39,1880,521
"1213","Green","M",39,1880,522
"1214","Juan","M",39,1880,523
"252","Kittie","F",38,1880,524
"1215","Clifton","M",38,1880,525
"1216","Lucius","M",38,1880,526
"1217","Porter","M",38,1880,527
"253","Meta","F",37,1880,528
"1218","Arnold","M",37,1880,529
"1219","Bud","M",37,1880,530
"1220","Jeremiah","M",37,1880,531
"1221","Taylor","M",37,1880,532
"254","Angie","F",36,1880,533
"255","Dessie","F",36,1880,534
"256","Georgiana","F",36,1880,535
"257","Lila","F",36,1880,536
"258","Regina","F",36,1880,537
"259","Selma","F",36,1880,538
"260","Wilhelmina","F",36,1880,539
"1222","Forrest","M",36,1880,540
"1223","Roland","M",36,1880,541
"261","Bridget","F",35,1880,542
"262","Lilla","F",35,1880,543
"263","Malinda","F",35,1880,544
"264","Vina","F",35,1880,545
"1224","Spencer","M",35,1880,546
"265","Freda","F",34,1880,547
"266","Gertie","F",34,1880,548
"267","Jeannette","F",34,1880,549
"268","Louella","F",34,1880,550
"269","Mandy","F",34,1880,551
"270","Roberta","F",34,1880,552
"1225","Burton","M",34,1880,553
"1226","Don","M",34,1880,554
"1227","Emmet","M",34,1880,555
"271","Cassie","F",33,1880,556
"272","Corinne","F",33,1880,557
"273","Ivy","F",33,1880,558
"274","Melissa","F",33,1880,559
"1228","Gustav","M",33,1880,560
"1229","Louie","M",33,1880,561
"1230","Morgan","M",33,1880,562
"1231","Ned","M",33,1880,563
"1232","Van","M",33,1880,564
"275","Lyda","F",32,1880,565
"276","Naomi","F",32,1880,566
"277","Norma","F",32,1880,567
"1233","Ambrose","M",32,1880,568
"1234","Chauncey","M",32,1880,569
"1235","Elisha","M",32,1880,570
"1236","Ferdinand","M",32,1880,571
"1237","General","M",32,1880,572
"1238","Julian","M",32,1880,573
"1239","Kenneth","M",32,1880,574
"1240","Mitchell","M",32,1880,575
"278","Bell","F",31,1880,576
"279","Margie","F",31,1880,577
"280","Nona","F",31,1880,578
"281","Zella","F",31,1880,579
"1241","Allie","M",31,1880,580
"1242","Josh","M",31,1880,581
"1243","Judson","M",31,1880,582
"1244","Lyman","M",31,1880,583
"1245","Napoleon","M",31,1880,584
"1246","Pedro","M",31,1880,585
"282","Dovie","F",30,1880,586
"283","Elvira","F",30,1880,587
"284","Erma","F",30,1880,588
"285","Irma","F",30,1880,589
"286","Leota","F",30,1880,590
"287","William","F",30,1880,591
"1247","Berry","M",30,1880,592
"1248","Dewitt","M",30,1880,593
"1249","Ervin","M",30,1880,594
"1250","Forest","M",30,1880,595
"1251","Lynn","M",30,1880,596
"1252","Pink","M",30,1880,597
"1253","Ruben","M",30,1880,598
"1254","Sanford","M",30,1880,599
"1255","Ward","M",30,1880,600
"288","Artie","F",29,1880,601
"289","Blanch","F",29,1880,602
"290","Charity","F",29,1880,603
"291","Lorena","F",29,1880,604
"292","Lucretia","F",29,1880,605
"293","Orpha","F",29,1880,606
"1256","Douglas","M",29,1880,607
"1257","Ole","M",29,1880,608
"1258","Omer","M",29,1880,609
"1259","Ulysses","M",29,1880,610
"1260","Walker","M",29,1880,611
"1261","Wilbert","M",29,1880,612
"294","Alvina","F",28,1880,613
"295","Annette","F",28,1880,614
"296","Catharine","F",28,1880,615
"297","Elma","F",28,1880,616
"298","Geneva","F",28,1880,617
"299","Janet","F",28,1880,618
"300","Lee","F",28,1880,619
"301","Leora","F",28,1880,620
"302","Lona","F",28,1880,621
"303","Miriam","F",28,1880,622
"304","Zora","F",28,1880,623
"1262","Adelbert","M",28,1880,624
"1263","Benjiman","M",28,1880,625
"1264","Ivan","M",28,1880,626
"1265","Jonas","M",28,1880,627
"1266","Major","M",28,1880,628
"305","Linda","F",27,1880,629
"306","Octavia","F",27,1880,630
"307","Sudie","F",27,1880,631
"308","Zula","F",27,1880,632
"1267","Abner","M",27,1880,633
"1268","Archibald","M",27,1880,634
"1269","Caleb","M",27,1880,635
"1270","Clint","M",27,1880,636
"1271","Dudley","M",27,1880,637
"1272","Granville","M",27,1880,638
"1273","King","M",27,1880,639
"1274","Mary","M",27,1880,640
"1275","Merton","M",27,1880,641
"309","Adella","F",26,1880,642
"310","Alpha","F",26,1880,643
"311","Frieda","F",26,1880,644
"312","George","F",26,1880,645
"313","Joanna","F",26,1880,646
"314","Leonora","F",26,1880,647
"315","Priscilla","F",26,1880,648
"316","Tennie","F",26,1880,649
"1276","Antonio","M",26,1880,650
"1277","Bennie","M",26,1880,651
"1278","Carroll","M",26,1880,652
"1279","Freeman","M",26,1880,653
"1280","Josiah","M",26,1880,654
"1281","Milo","M",26,1880,655
"1282","Royal","M",26,1880,656
"317","Angeline","F",25,1880,657
"318","Docia","F",25,1880,658
"319","Ettie","F",25,1880,659
"320","Flossie","F",25,1880,660
"321","Hanna","F",25,1880,661
"322","Letha","F",25,1880,662
"323","Minta","F",25,1880,663
"324","Retta","F",25,1880,664
"325","Rosella","F",25,1880,665
"1283","Dick","M",25,1880,666
"1284","Earle","M",25,1880,667
"1285","Elza","M",25,1880,668
"1286","Emerson","M",25,1880,669
"1287","Fletcher","M",25,1880,670
"1288","Judge","M",25,1880,671
"1289","Laurence","M",25,1880,672
"1290","Roger","M",25,1880,673
"1291","Seth","M",25,1880,674
"326","Adah","F",24,1880,675
"327","Berta","F",24,1880,676
"328","Elisabeth","F",24,1880,677
"329","Elise","F",24,1880,678
"330","Goldie","F",24,1880,679
"331","Leola","F",24,1880,680
"332","Margret","F",24,1880,681
"1292","Glen","M",24,1880,682
"1293","Hugo","M",24,1880,683
"1294","Jimmie","M",24,1880,684
"1295","Johnnie","M",24,1880,685
"1296","Neil","M",24,1880,686
"1297","Washington","M",24,1880,687
"333","Adaline","F",23,1880,688
"334","Floy","F",23,1880,689
"335","Idella","F",23,1880,690
"336","Juanita","F",23,1880,691
"337","Lenna","F",23,1880,692
"338","Lucie","F",23,1880,693
"339","Missouri","F",23,1880,694
"340","Nola","F",23,1880,695
"341","Zoe","F",23,1880,696
"1298","Elwood","M",23,1880,697
"1299","Gust","M",23,1880,698
"1300","Harmon","M",23,1880,699
"1301","Jordan","M",23,1880,700
"1302","Simeon","M",23,1880,701
"1303","Wayne","M",23,1880,702
"1304","Wilber","M",23,1880,703
"342","Eda","F",22,1880,704
"343","Isabell","F",22,1880,705
"344","James","F",22,1880,706
"345","Julie","F",22,1880,707
"346","Letitia","F",22,1880,708
"347","Madeline","F",22,1880,709
"348","Malissa","F",22,1880,710
"349","Mariah","F",22,1880,711
"350","Pattie","F",22,1880,712
"351","Vivian","F",22,1880,713
"1305","Clem","M",22,1880,714
"1306","Evan","M",22,1880,715
"1307","Frederic","M",22,1880,716
"1308","Irwin","M",22,1880,717
"1309","Junius","M",22,1880,718
"1310","Lafayette","M",22,1880,719
"1311","Loren","M",22,1880,720
"1312","Madison","M",22,1880,721
"1313","Mason","M",22,1880,722
"1314","Orval","M",22,1880,723
"352","Almeda","F",21,1880,724
"353","Aurelia","F",21,1880,725
"354","Claire","F",21,1880,726
"355","Dolly","F",21,1880,727
"356","Hazel","F",21,1880,728
"357","Jannie","F",21,1880,729
"358","Kathleen","F",21,1880,730
"359","Kathrine","F",21,1880,731
"360","Lavinia","F",21,1880,732
"361","Marietta","F",21,1880,733
"362","Melvina","F",21,1880,734
"363","Ona","F",21,1880,735
"364","Pinkie","F",21,1880,736
"365","Samantha","F",21,1880,737
"366","Susanna","F",21,1880,738
"1315","Abram","M",21,1880,739
"1316","Aubrey","M",21,1880,740
"1317","Elliott","M",21,1880,741
"1318","Hans","M",21,1880,742
"1319","Karl","M",21,1880,743
"1320","Minor","M",21,1880,744
"1321","Wash","M",21,1880,745
"1322","Wilfred","M",21,1880,746
"367","Chloe","F",20,1880,747
"368","Donnie","F",20,1880,748
"369","Elsa","F",20,1880,749
"370","Gladys","F",20,1880,750
"371","Matie","F",20,1880,751
"372","Pearle","F",20,1880,752
"373","Vesta","F",20,1880,753
"374","Vinnie","F",20,1880,754
"1323","Allan","M",20,1880,755
"1324","Alphonse","M",20,1880,756
"1325","Dallas","M",20,1880,757
"1326","Dee","M",20,1880,758
"1327","Isiah","M",20,1880,759
"1328","Jason","M",20,1880,760
"1329","Johnny","M",20,1880,761
"1330","Lawson","M",20,1880,762
"1331","Lew","M",20,1880,763
"1332","Micheal","M",20,1880,764
"1333","Orin","M",20,1880,765
"375","Antoinette","F",19,1880,766
"376","Clementine","F",19,1880,767
"377","Edythe","F",19,1880,768
"378","Harriette","F",19,1880,769
"379","Libbie","F",19,1880,770
"380","Lilian","F",19,1880,771
"381","Lue","F",19,1880,772
"382","Lutie","F",19,1880,773
"383","Magdalena","F",19,1880,774
"384","Meda","F",19,1880,775
"385","Rita","F",19,1880,776
"386","Tena","F",19,1880,777
"387","Zelma","F",19,1880,778
"1334","Addison","M",19,1880,779
"1335","Cal","M",19,1880,780
"1336","Erastus","M",19,1880,781
"1337","Francisco","M",19,1880,782
"1338","Hardy","M",19,1880,783
"1339","Lucien","M",19,1880,784
"1340","Randolph","M",19,1880,785
"1341","Stewart","M",19,1880,786
"1342","Vern","M",19,1880,787
"1343","Wilmer","M",19,1880,788
"1344","Zack","M",19,1880,789
"388","Adelia","F",18,1880,790
"389","Annetta","F",18,1880,791
"390","Antonia","F",18,1880,792
"391","Dona","F",18,1880,793
"392","Elizebeth","F",18,1880,794
"393","Georgianna","F",18,1880,795
"394","Gracie","F",18,1880,796
"395","Iona","F",18,1880,797
"396","Lessie","F",18,1880,798
"397","Leta","F",18,1880,799
"398","Liza","F",18,1880,800
"399","Mertie","F",18,1880,801
"400","Molly","F",18,1880,802
"401","Neva","F",18,1880,803
"402","Oma","F",18,1880,804
"1345","Adrian","M",18,1880,805
"1346","Alvah","M",18,1880,806
"1347","Bertram","M",18,1880,807
"1348","Clay","M",18,1880,808
"1349","Ephraim","M",18,1880,809
"1350","Fritz","M",18,1880,810
"1351","Giles","M",18,1880,811
"1352","Grover","M",18,1880,812
"1353","Harris","M",18,1880,813
"1354","Isom","M",18,1880,814
"1355","Jesus","M",18,1880,815
"1356","Johnie","M",18,1880,816
"1357","Jonathan","M",18,1880,817
"1358","Lucian","M",18,1880,818
"1359","Malcolm","M",18,1880,819
"1360","Merritt","M",18,1880,820
"1361","Otho","M",18,1880,821
"1362","Perley","M",18,1880,822
"1363","Rolla","M",18,1880,823
"1364","Sandy","M",18,1880,824
"1365","Tomas","M",18,1880,825
"1366","Wilford","M",18,1880,826
"403","Alida","F",17,1880,827
"404","Alva","F",17,1880,828
"405","Cecile","F",17,1880,829
"406","Cleo","F",17,1880,830
"407","Donna","F",17,1880,831
"408","Ellie","F",17,1880,832
"409","Ernestine","F",17,1880,833
"410","Evie","F",17,1880,834
"411","Frankie","F",17,1880,835
"412","Helene","F",17,1880,836
"413","Minna","F",17,1880,837
"414","Myrta","F",17,1880,838
"415","Prudence","F",17,1880,839
"416","Queen","F",17,1880,840
"417","Rilla","F",17,1880,841
"418","Savannah","F",17,1880,842
"419","Tessie","F",17,1880,843
"420","Tina","F",17,1880,844
"1367","Adolphus","M",17,1880,845
"1368","Angus","M",17,1880,846
"1369","Arther","M",17,1880,847
"1370","Carlos","M",17,1880,848
"1371","Cary","M",17,1880,849
"1372","Cassius","M",17,1880,850
"1373","Davis","M",17,1880,851
"1374","Hamilton","M",17,1880,852
"1375","Harve","M",17,1880,853
"1376","Israel","M",17,1880,854
"1377","Leander","M",17,1880,855
"1378","Melville","M",17,1880,856
"1379","Merle","M",17,1880,857
"1380","Murray","M",17,1880,858
"1381","Pleasant","M",17,1880,859
"1382","Sterling","M",17,1880,860
"1383","Steven","M",17,1880,861
"421","Agatha","F",16,1880,862
"422","America","F",16,1880,863
"423","Anita","F",16,1880,864
"424","Arminta","F",16,1880,865
"425","Dorothea","F",16,1880,866
"426","Ira","F",16,1880,867
"427","Luvenia","F",16,1880,868
"428","Marjorie","F",16,1880,869
"429","Maybelle","F",16,1880,870
"430","Mellie","F",16,1880,871
"431","Nan","F",16,1880,872
"432","Pearlie","F",16,1880,873
"433","Sidney","F",16,1880,874
"434","Velma","F",16,1880,875
"1384","Axel","M",16,1880,876
"1385","Boyd","M",16,1880,877
"1386","Bryant","M",16,1880,878
"1387","Clement","M",16,1880,879
"1388","Erwin","M",16,1880,880
"1389","Ezekiel","M",16,1880,881
"1390","Foster","M",16,1880,882
"1391","Frances","M",16,1880,883
"1392","Geo","M",16,1880,884
"1393","Houston","M",16,1880,885
"1394","Issac","M",16,1880,886
"1395","Jules","M",16,1880,887
"1396","Larkin","M",16,1880,888
"1397","Mat","M",16,1880,889
"1398","Morton","M",16,1880,890
"1399","Orlando","M",16,1880,891
"1400","Pierce","M",16,1880,892
"1401","Prince","M",16,1880,893
"1402","Rollie","M",16,1880,894
"1403","Rollin","M",16,1880,895
"1404","Sim","M",16,1880,896
"1405","Stuart","M",16,1880,897
"1406","Wilburn","M",16,1880,898
"435","Clare","F",15,1880,899
"436","Constance","F",15,1880,900
"437","Dixie","F",15,1880,901
"438","Ila","F",15,1880,902
"439","Iola","F",15,1880,903
"440","Jimmie","F",15,1880,904
"441","Louvenia","F",15,1880,905
"442","Lucia","F",15,1880,906
"443","Ludie","F",15,1880,907
"444","Luna","F",15,1880,908
"445","Metta","F",15,1880,909
"446","Patsy","F",15,1880,910
"447","Phebe","F",15,1880,911
"448","Sophronia","F",15,1880,912
"1407","Bennett","M",15,1880,913
"1408","Casper","M",15,1880,914
"1409","Christ","M",15,1880,915
"1410","Dell","M",15,1880,916
"1411","Egbert","M",15,1880,917
"1412","Elmo","M",15,1880,918
"1413","Fay","M",15,1880,919
"1414","Gabriel","M",15,1880,920
"1415","Hector","M",15,1880,921
"1416","Horatio","M",15,1880,922
"1417","Lige","M",15,1880,923
"1418","Saul","M",15,1880,924
"1419","Smith","M",15,1880,925
"1420","Squire","M",15,1880,926
"1421","Tobe","M",15,1880,927
"1422","Tommie","M",15,1880,928
"1423","Wyatt","M",15,1880,929
"449","Adda","F",14,1880,930
"450","Avis","F",14,1880,931
"451","Betsy","F",14,1880,932
"452","Bonnie","F",14,1880,933
"453","Cecil","F",14,1880,934
"454","Cordie","F",14,1880,935
"455","Emmaline","F",14,1880,936
"456","Ethelyn","F",14,1880,937
"457","Hortense","F",14,1880,938
"458","June","F",14,1880,939
"459","Louie","F",14,1880,940
"460","Lovie","F",14,1880,941
"461","Marcella","F",14,1880,942
"462","Melinda","F",14,1880,943
"463","Mona","F",14,1880,944
"464","Odessa","F",14,1880,945
"465","Veronica","F",14,1880,946
"1424","Alford","M",14,1880,947
"1425","Alma","M",14,1880,948
"1426","Alton","M",14,1880,949
"1427","Andres","M",14,1880,950
"1428","Burl","M",14,1880,951
"1429","Cicero","M",14,1880,952
"1430","Dean","M",14,1880,953
"1431","Dorsey","M",14,1880,954
"1432","Enos","M",14,1880,955
"1433","Howell","M",14,1880,956
"1434","Lou","M",14,1880,957
"1435","Loyd","M",14,1880,958
"1436","Mahlon","M",14,1880,959
"1437","Nat","M",14,1880,960
"1438","Omar","M",14,1880,961
"1439","Oran","M",14,1880,962
"1440","Parker","M",14,1880,963
"1441","Raleigh","M",14,1880,964
"1442","Reginald","M",14,1880,965
"1443","Rubin","M",14,1880,966
"1444","Seymour","M",14,1880,967
"1445","Wm","M",14,1880,968
"1446","Young","M",14,1880,969
"466","Aimee","F",13,1880,970
"467","Annabel","F",13,1880,971
"468","Ava","F",13,1880,972
"469","Bella","F",13,1880,973
"470","Carolina","F",13,1880,974
"471","Cathrine","F",13,1880,975
"472","Christena","F",13,1880,976
"473","Clyde","F",13,1880,977
"474","Dena","F",13,1880,978
"475","Dolores","F",13,1880,979
"476","Eleanore","F",13,1880,980
"477","Elmira","F",13,1880,981
"478","Fay","F",13,1880,982
"479","Frank","F",13,1880,983
"480","Jenny","F",13,1880,984
"481","Kizzie","F",13,1880,985
"482","Lonnie","F",13,1880,986
"483","Loula","F",13,1880,987
"484","Magdalene","F",13,1880,988
"485","Mettie","F",13,1880,989
"486","Mintie","F",13,1880,990
"487","Peggy","F",13,1880,991
"488","Reba","F",13,1880,992
"489","Serena","F",13,1880,993
"490","Vida","F",13,1880,994
"491","Zada","F",13,1880,995
"1447","Benjamine","M",13,1880,996
"1448","Carey","M",13,1880,997
"1449","Carlton","M",13,1880,998
"1450","Eldridge","M",13,1880,999
"1451","Elzie","M",13,1880,1000
"1452","Garrett","M",13,1880,1001
"1453","Isham","M",13,1880,1002
"1454","Johnson","M",13,1880,1003
"1455","Larry","M",13,1880,1004
"1456","Logan","M",13,1880,1005
"1457","Merrill","M",13,1880,1006
"1458","Mont","M",13,1880,1007
"1459","Oren","M",13,1880,1008
"1460","Pierre","M",13,1880,1009
"1461","Rex","M",13,1880,1010
"1462","Rodney","M",13,1880,1011
"1463","Ted","M",13,1880,1012
"1464","Webster","M",13,1880,1013
"1465","West","M",13,1880,1014
"1466","Wheeler","M",13,1880,1015
"1467","Willam","M",13,1880,1016
"492","Abigail","F",12,1880,1017
"493","Celestine","F",12,1880,1018
"494","Celina","F",12,1880,1019
"495","Claudie","F",12,1880,1020
"496","Clemmie","F",12,1880,1021
"497","Connie","F",12,1880,1022
"498","Daisie","F",12,1880,1023
"499","Deborah","F",12,1880,1024
"500","Dessa","F",12,1880,1025
"501","Easter","F",12,1880,1026
"502","Eddie","F",12,1880,1027
"503","Emelia","F",12,1880,1028
"504","Emmie","F",12,1880,1029
"505","Imogene","F",12,1880,1030
"506","India","F",12,1880,1031
"507","Jeanne","F",12,1880,1032
"508","Joan","F",12,1880,1033
"509","Lenore","F",12,1880,1034
"510","Liddie","F",12,1880,1035
"511","Lotta","F",12,1880,1036
"512","Mame","F",12,1880,1037
"513","Nevada","F",12,1880,1038
"514","Rachael","F",12,1880,1039
"515","Robert","F",12,1880,1040
"516","Sina","F",12,1880,1041
"517","Willa","F",12,1880,1042
"1468","Al","M",12,1880,1043
"1469","Aloysius","M",12,1880,1044
"1470","Alvie","M",12,1880,1045
"1471","Anna","M",12,1880,1046
"1472","Art","M",12,1880,1047
"1473","Augustine","M",12,1880,1048
"1474","Bailey","M",12,1880,1049
"1475","Benjaman","M",12,1880,1050
"1476","Beverly","M",12,1880,1051
"1477","Bishop","M",12,1880,1052
"1478","Clair","M",12,1880,1053
"1479","Cloyd","M",12,1880,1054
"1480","Coleman","M",12,1880,1055
"1481","Dana","M",12,1880,1056
"1482","Duncan","M",12,1880,1057
"1483","Dwight","M",12,1880,1058
"1484","Emile","M",12,1880,1059
"1485","Evert","M",12,1880,1060
"1486","Henderson","M",12,1880,1061
"1487","Hunter","M",12,1880,1062
"1488","Jean","M",12,1880,1063
"1489","Lem","M",12,1880,1064
"1490","Luis","M",12,1880,1065
"1491","Mathias","M",12,1880,1066
"1492","Maynard","M",12,1880,1067
"1493","Miguel","M",12,1880,1068
"1494","Mortimer","M",12,1880,1069
"1495","Nels","M",12,1880,1070
"1496","Norris","M",12,1880,1071
"1497","Pat","M",12,1880,1072
"1498","Phil","M",12,1880,1073
"1499","Rush","M",12,1880,1074
"1500","Santiago","M",12,1880,1075
"1501","Sol","M",12,1880,1076
"1502","Sydney","M",12,1880,1077
"1503","Thaddeus","M",12,1880,1078
"1504","Thornton","M",12,1880,1079
"1505","Tim","M",12,1880,1080
"1506","Travis","M",12,1880,1081
"1507","Truman","M",12,1880,1082
"1508","Watson","M",12,1880,1083
"1509","Webb","M",12,1880,1084
"1510","Wellington","M",12,1880,1085
"1511","Winfred","M",12,1880,1086
"1512","Wylie","M",12,1880,1087
"518","Aline","F",11,1880,1088
"519","Beryl","F",11,1880,1089
"520","Charles","F",11,1880,1090
"521","Daisey","F",11,1880,1091
"522","Dorcas","F",11,1880,1092
"523","Edmonia","F",11,1880,1093
"524","Effa","F",11,1880,1094
"525","Eldora","F",11,1880,1095
"526","Eloise","F",11,1880,1096
"527","Emmer","F",11,1880,1097
"528","Era","F",11,1880,1098
"529","Gena","F",11,1880,1099
"530","Henry","F",11,1880,1100
"531","Iris","F",11,1880,1101
"532","Izora","F",11,1880,1102
"533","Lennie","F",11,1880,1103
"534","Lissie","F",11,1880,1104
"535","Mallie","F",11,1880,1105
"536","Malvina","F",11,1880,1106
"537","Mathilde","F",11,1880,1107
"538","Mazie","F",11,1880,1108
"539","Queenie","F",11,1880,1109
"540","Rosina","F",11,1880,1110
"541","Salome","F",11,1880,1111
"542","Theodora","F",11,1880,1112
"543","Therese","F",11,1880,1113
"544","Vena","F",11,1880,1114
"545","Wanda","F",11,1880,1115
"546","Wilda","F",11,1880,1116
"1513","Alec","M",11,1880,1117
"1514","Basil","M",11,1880,1118
"1515","Baxter","M",11,1880,1119
"1516","Bertrand","M",11,1880,1120
"1517","Buford","M",11,1880,1121
"1518","Burr","M",11,1880,1122
"1519","Cleveland","M",11,1880,1123
"1520","Colonel","M",11,1880,1124
"1521","Dempsey","M",11,1880,1125
"1522","Early","M",11,1880,1126
"1523","Ellsworth","M",11,1880,1127
"1524","Fate","M",11,1880,1128
"1525","Finley","M",11,1880,1129
"1526","Gabe","M",11,1880,1130
"1527","Garland","M",11,1880,1131
"1528","Gerald","M",11,1880,1132
"1529","Herschel","M",11,1880,1133
"1530","Hezekiah","M",11,1880,1134
"1531","Justus","M",11,1880,1135
"1532","Lindsey","M",11,1880,1136
"1533","Marcellus","M",11,1880,1137
"1534","Olaf","M",11,1880,1138
"1535","Olin","M",11,1880,1139
"1536","Pablo","M",11,1880,1140
"1537","Rolland","M",11,1880,1141
"1538","Turner","M",11,1880,1142
"1539","Verne","M",11,1880,1143
"1540","Volney","M",11,1880,1144
"1541","Williams","M",11,1880,1145
"547","Altha","F",10,1880,1146
"548","Anastasia","F",10,1880,1147
"549","Besse","F",10,1880,1148
"550","Bird","F",10,1880,1149
"551","Birtie","F",10,1880,1150
"552","Clarissa","F",10,1880,1151
"553","Claude","F",10,1880,1152
"554","Delilah","F",10,1880,1153
"555","Diana","F",10,1880,1154
"556","Emelie","F",10,1880,1155
"557","Erna","F",10,1880,1156
"558","Fern","F",10,1880,1157
"559","Florida","F",10,1880,1158
"560","Frona","F",10,1880,1159
"561","Hilma","F",10,1880,1160
"562","Joseph","F",10,1880,1161
"563","Juliet","F",10,1880,1162
"564","Leonie","F",10,1880,1163
"565","Lugenia","F",10,1880,1164
"566","Mammie","F",10,1880,1165
"567","Manda","F",10,1880,1166
"568","Manerva","F",10,1880,1167
"569","Manie","F",10,1880,1168
"570","Nella","F",10,1880,1169
"571","Paulina","F",10,1880,1170
"572","Philomena","F",10,1880,1171
"573","Rae","F",10,1880,1172
"574","Selina","F",10,1880,1173
"575","Sena","F",10,1880,1174
"576","Theodosia","F",10,1880,1175
"577","Tommie","F",10,1880,1176
"578","Una","F",10,1880,1177
"579","Vernie","F",10,1880,1178
"1542","Almon","M",10,1880,1179
"1543","Alois","M",10,1880,1180
"1544","Alonza","M",10,1880,1181
"1545","Anson","M",10,1880,1182
"1546","Authur","M",10,1880,1183
"1547","Benton","M",10,1880,1184
"1548","Billie","M",10,1880,1185
"1549","Cornelious","M",10,1880,1186
"1550","Darius","M",10,1880,1187
"1551","Denis","M",10,1880,1188
"1552","Dillard","M",10,1880,1189
"1553","Doctor","M",10,1880,1190
"1554","Elvin","M",10,1880,1191
"1555","Emma","M",10,1880,1192
"1556","Eric","M",10,1880,1193
"1557","Evans","M",10,1880,1194
"1558","Gideon","M",10,1880,1195
"1559","Haywood","M",10,1880,1196
"1560","Hilliard","M",10,1880,1197
"1561","Hosea","M",10,1880,1198
"1562","Lincoln","M",10,1880,1199
"1563","Lonzo","M",10,1880,1200
"1564","Lucious","M",10,1880,1201
"1565","Lum","M",10,1880,1202
"1566","Malachi","M",10,1880,1203
"1567","Newt","M",10,1880,1204
"1568","Noel","M",10,1880,1205
"1569","Orie","M",10,1880,1206
"1570","Palmer","M",10,1880,1207
"1571","Pinkney","M",10,1880,1208
"1572","Shirley","M",10,1880,1209
"1573","Sumner","M",10,1880,1210
"1574","Terry","M",10,1880,1211
"1575","Urban","M",10,1880,1212
"1576","Uriah","M",10,1880,1213
"1577","Valentine","M",10,1880,1214
"1578","Waldo","M",10,1880,1215
"1579","Warner","M",10,1880,1216
"1580","Wong","M",10,1880,1217
"1581","Zeb","M",10,1880,1218
"580","Adela","F",9,1880,1219
"581","Althea","F",9,1880,1220
"582","Amalia","F",9,1880,1221
"583","Amber","F",9,1880,1222
"584","Angelina","F",9,1880,1223
"585","Annabelle","F",9,1880,1224
"586","Anner","F",9,1880,1225
"587","Arie","F",9,1880,1226
"588","Clarice","F",9,1880,1227
"589","Corda","F",9,1880,1228
"590","Corrie","F",9,1880,1229
"591","Dell","F",9,1880,1230
"592","Dellar","F",9,1880,1231
"593","Donie","F",9,1880,1232
"594","Doris","F",9,1880,1233
"595","Elda","F",9,1880,1234
"596","Elinor","F",9,1880,1235
"597","Emeline","F",9,1880,1236
"598","Emilia","F",9,1880,1237
"599","Esta","F",9,1880,1238
"600","Estell","F",9,1880,1239
"601","Etha","F",9,1880,1240
"602","Fred","F",9,1880,1241
"603","Hope","F",9,1880,1242
"604","Indiana","F",9,1880,1243
"605","Ione","F",9,1880,1244
"606","Jettie","F",9,1880,1245
"607","Johnnie","F",9,1880,1246
"608","Josiephine","F",9,1880,1247
"609","Kitty","F",9,1880,1248
"610","Lavina","F",9,1880,1249
"611","Leda","F",9,1880,1250
"612","Letta","F",9,1880,1251
"613","Mahala","F",9,1880,1252
"614","Marcia","F",9,1880,1253
"615","Margarette","F",9,1880,1254
"616","Maudie","F",9,1880,1255
"617","Maye","F",9,1880,1256
"618","Norah","F",9,1880,1257
"619","Oda","F",9,1880,1258
"620","Patty","F",9,1880,1259
"621","Paula","F",9,1880,1260
"622","Permelia","F",9,1880,1261
"623","Rosalia","F",9,1880,1262
"624","Roxanna","F",9,1880,1263
"625","Sula","F",9,1880,1264
"626","Vada","F",9,1880,1265
"627","Winnifred","F",9,1880,1266
"1582","Abel","M",9,1880,1267
"1583","Alden","M",9,1880,1268
"1584","Archer","M",9,1880,1269
"1585","Avery","M",9,1880,1270
"1586","Carson","M",9,1880,1271
"1587","Cullen","M",9,1880,1272
"1588","Doc","M",9,1880,1273
"1589","Eben","M",9,1880,1274
"1590","Elige","M",9,1880,1275
"1591","Elizabeth","M",9,1880,1276
"1592","Elmore","M",9,1880,1277
"1593","Ernst","M",9,1880,1278
"1594","Finis","M",9,1880,1279
"1595","Freddie","M",9,1880,1280
"1596","Godfrey","M",9,1880,1281
"1597","Guss","M",9,1880,1282
"1598","Hamp","M",9,1880,1283
"1599","Hermann","M",9,1880,1284
"1600","Isadore","M",9,1880,1285
"1601","Isreal","M",9,1880,1286
"1602","Jones","M",9,1880,1287
"1603","June","M",9,1880,1288
"1604","Lacy","M",9,1880,1289
"1605","Lafe","M",9,1880,1290
"1606","Leland","M",9,1880,1291
"1607","Llewellyn","M",9,1880,1292
"1608","Ludwig","M",9,1880,1293
"1609","Manford","M",9,1880,1294
"1610","Maxwell","M",9,1880,1295
"1611","Minnie","M",9,1880,1296
"1612","Obie","M",9,1880,1297
"1613","Octave","M",9,1880,1298
"1614","Orrin","M",9,1880,1299
"1615","Ossie","M",9,1880,1300
"1616","Oswald","M",9,1880,1301
"1617","Park","M",9,1880,1302
"1618","Parley","M",9,1880,1303
"1619","Ramon","M",9,1880,1304
"1620","Rice","M",9,1880,1305
"1621","Stonewall","M",9,1880,1306
"1622","Theo","M",9,1880,1307
"1623","Tillman","M",9,1880,1308
"628","Adline","F",8,1880,1309
"629","Almira","F",8,1880,1310
"630","Alvena","F",8,1880,1311
"631","Arizona","F",8,1880,1312
"632","Becky","F",8,1880,1313
"633","Bennie","F",8,1880,1314
"634","Bernadette","F",8,1880,1315
"635","Camille","F",8,1880,1316
"636","Cordia","F",8,1880,1317
"637","Corine","F",8,1880,1318
"638","Dicie","F",8,1880,1319
"639","Dove","F",8,1880,1320
"640","Drusilla","F",8,1880,1321
"641","Elena","F",8,1880,1322
"642","Elenora","F",8,1880,1323
"643","Elmina","F",8,1880,1324
"644","Ethyl","F",8,1880,1325
"645","Evalyn","F",8,1880,1326
"646","Evelina","F",8,1880,1327
"647","Faye","F",8,1880,1328
"648","Huldah","F",8,1880,1329
"649","Idell","F",8,1880,1330
"650","Inga","F",8,1880,1331
"651","Irena","F",8,1880,1332
"652","Jewell","F",8,1880,1333
"653","Kattie","F",8,1880,1334
"654","Lavenia","F",8,1880,1335
"655","Leslie","F",8,1880,1336
"656","Lovina","F",8,1880,1337
"657","Lulie","F",8,1880,1338
"658","Magnolia","F",8,1880,1339
"659","Margeret","F",8,1880,1340
"660","Margery","F",8,1880,1341
"661","Media","F",8,1880,1342
"662","Millicent","F",8,1880,1343
"663","Nena","F",8,1880,1344
"664","Ocie","F",8,1880,1345
"665","Orilla","F",8,1880,1346
"666","Osie","F",8,1880,1347
"667","Pansy","F",8,1880,1348
"668","Ray","F",8,1880,1349
"669","Rosia","F",8,1880,1350
"670","Rowena","F",8,1880,1351
"671","Shirley","F",8,1880,1352
"672","Tabitha","F",8,1880,1353
"673","Thomas","F",8,1880,1354
"674","Verdie","F",8,1880,1355
"675","Walter","F",8,1880,1356
"676","Zetta","F",8,1880,1357
"677","Zoa","F",8,1880,1358
"678","Zona","F",8,1880,1359
"1624","Addie","M",8,1880,1360
"1625","Aron","M",8,1880,1361
"1626","Ashley","M",8,1880,1362
"1627","Bernhard","M",8,1880,1363
"1628","Bertie","M",8,1880,1364
"1629","Berton","M",8,1880,1365
"1630","Buster","M",8,1880,1366
"1631","Butler","M",8,1880,1367
"1632","Carleton","M",8,1880,1368
"1633","Carrie","M",8,1880,1369
"1634","Clara","M",8,1880,1370
"1635","Clarance","M",8,1880,1371
"1636","Clare","M",8,1880,1372
"1637","Crawford","M",8,1880,1373
"1638","Danial","M",8,1880,1374
"1639","Dayton","M",8,1880,1375
"1640","Dolphus","M",8,1880,1376
"1641","Elder","M",8,1880,1377
"1642","Ephriam","M",8,1880,1378
"1643","Fayette","M",8,1880,1379
"1644","Felipe","M",8,1880,1380
"1645","Fernando","M",8,1880,1381
"1646","Flem","M",8,1880,1382
"1647","Florence","M",8,1880,1383
"1648","Ford","M",8,1880,1384
"1649","Harlan","M",8,1880,1385
"1650","Hayes","M",8,1880,1386
"1651","Henery","M",8,1880,1387
"1652","Hoy","M",8,1880,1388
"1653","Huston","M",8,1880,1389
"1654","Ida","M",8,1880,1390
"1655","Ivory","M",8,1880,1391
"1656","Jonah","M",8,1880,1392
"1657","Justin","M",8,1880,1393
"1658","Lenard","M",8,1880,1394
"1659","Leopold","M",8,1880,1395
"1660","Lionel","M",8,1880,1396
"1661","Manley","M",8,1880,1397
"1662","Marquis","M",8,1880,1398
"1663","Marshal","M",8,1880,1399
"1664","Mart","M",8,1880,1400
"1665","Odie","M",8,1880,1401
"1666","Olen","M",8,1880,1402
"1667","Oral","M",8,1880,1403
"1668","Orley","M",8,1880,1404
"1669","Otha","M",8,1880,1405
"1670","Press","M",8,1880,1406
"1671","Price","M",8,1880,1407
"1672","Quincy","M",8,1880,1408
"1673","Randall","M",8,1880,1409
"1674","Rich","M",8,1880,1410
"1675","Richmond","M",8,1880,1411
"1676","Romeo","M",8,1880,1412
"1677","Russel","M",8,1880,1413
"1678","Rutherford","M",8,1880,1414
"1679","Shade","M",8,1880,1415
"1680","Shelby","M",8,1880,1416
"1681","Solon","M",8,1880,1417
"1682","Thurman","M",8,1880,1418
"1683","Tilden","M",8,1880,1419
"1684","Troy","M",8,1880,1420
"1685","Woodson","M",8,1880,1421
"1686","Worth","M",8,1880,1422
"679","Albertina","F",7,1880,1423
"680","Albina","F",7,1880,1424
"681","Alyce","F",7,1880,1425
"682","Amie","F",7,1880,1426
"683","Angela","F",7,1880,1427
"684","Annis","F",7,1880,1428
"685","Carol","F",7,1880,1429
"686","Carra","F",7,1880,1430
"687","Clarence","F",7,1880,1431
"688","Clarinda","F",7,1880,1432
"689","Delphia","F",7,1880,1433
"690","Dillie","F",7,1880,1434
"691","Doshie","F",7,1880,1435
"692","Drucilla","F",7,1880,1436
"693","Etna","F",7,1880,1437
"694","Eugenie","F",7,1880,1438
"695","Eulalia","F",7,1880,1439
"696","Eve","F",7,1880,1440
"697","Felicia","F",7,1880,1441
"698","Florance","F",7,1880,1442
"699","Fronie","F",7,1880,1443
"700","Geraldine","F",7,1880,1444
"701","Gina","F",7,1880,1445
"702","Glenna","F",7,1880,1446
"703","Grayce","F",7,1880,1447
"704","Hedwig","F",7,1880,1448
"705","Jessica","F",7,1880,1449
"706","Jossie","F",7,1880,1450
"707","Katheryn","F",7,1880,1451
"708","Katy","F",7,1880,1452
"709","Lea","F",7,1880,1453
"710","Leanna","F",7,1880,1454
"711","Leitha","F",7,1880,1455
"712","Leone","F",7,1880,1456
"713","Lidie","F",7,1880,1457
"714","Loma","F",7,1880,1458
"715","Lular","F",7,1880,1459
"716","Magdalen","F",7,1880,1460
"717","Maymie","F",7,1880,1461
"718","Minervia","F",7,1880,1462
"719","Muriel","F",7,1880,1463
"720","Neppie","F",7,1880,1464
"721","Olie","F",7,1880,1465
"722","Onie","F",7,1880,1466
"723","Osa","F",7,1880,1467
"724","Otelia","F",7,1880,1468
"725","Paralee","F",7,1880,1469
"726","Patience","F",7,1880,1470
"727","Rella","F",7,1880,1471
"728","Rillie","F",7,1880,1472
"729","Rosanna","F",7,1880,1473
"730","Theo","F",7,1880,1474
"731","Tilda","F",7,1880,1475
"732","Tishie","F",7,1880,1476
"733","Tressa","F",7,1880,1477
"734","Viva","F",7,1880,1478
"735","Yetta","F",7,1880,1479
"736","Zena","F",7,1880,1480
"737","Zola","F",7,1880,1481
"1687","Aden","M",7,1880,1482
"1688","Alcide","M",7,1880,1483
"1689","Alf","M",7,1880,1484
"1690","Algie","M",7,1880,1485
"1691","Arlie","M",7,1880,1486
"1692","Bart","M",7,1880,1487
"1693","Bedford","M",7,1880,1488
"1694","Benito","M",7,1880,1489
"1695","Billy","M",7,1880,1490
"1696","Bird","M",7,1880,1491
"1697","Birt","M",7,1880,1492
"1698","Bruno","M",7,1880,1493
"1699","Burley","M",7,1880,1494
"1700","Chancy","M",7,1880,1495
"1701","Claus","M",7,1880,1496
"1702","Cliff","M",7,1880,1497
"1703","Clovis","M",7,1880,1498
"1704","Connie","M",7,1880,1499
"1705","Creed","M",7,1880,1500
"1706","Delos","M",7,1880,1501
"1707","Duke","M",7,1880,1502
"1708","Eber","M",7,1880,1503
"1709","Eligah","M",7,1880,1504
"1710","Elliot","M",7,1880,1505
"1711","Elton","M",7,1880,1506
"1712","Emmitt","M",7,1880,1507
"1713","Gene","M",7,1880,1508
"1714","Golden","M",7,1880,1509
"1715","Hal","M",7,1880,1510
"1716","Hardin","M",7,1880,1511
"1717","Harman","M",7,1880,1512
"1718","Hervey","M",7,1880,1513
"1719","Hollis","M",7,1880,1514
"1720","Ivey","M",7,1880,1515
"1721","Jennie","M",7,1880,1516
"1722","Len","M",7,1880,1517
"1723","Lindsay","M",7,1880,1518
"1724","Lonie","M",7,1880,1519
"1725","Lyle","M",7,1880,1520
"1726","Mac","M",7,1880,1521
"1727","Mal","M",7,1880,1522
"1728","Math","M",7,1880,1523
"1729","Miller","M",7,1880,1524
"1730","Orson","M",7,1880,1525
"1731","Osborne","M",7,1880,1526
"1732","Percival","M",7,1880,1527
"1733","Pleas","M",7,1880,1528
"1734","Ples","M",7,1880,1529
"1735","Rafael","M",7,1880,1530
"1736","Raoul","M",7,1880,1531
"1737","Roderick","M",7,1880,1532
"1738","Rose","M",7,1880,1533
"1739","Shelton","M",7,1880,1534
"1740","Sid","M",7,1880,1535
"1741","Theron","M",7,1880,1536
"1742","Tobias","M",7,1880,1537
"1743","Toney","M",7,1880,1538
"1744","Tyler","M",7,1880,1539
"1745","Vance","M",7,1880,1540
"1746","Vivian","M",7,1880,1541
"1747","Walton","M",7,1880,1542
"1748","Watt","M",7,1880,1543
"1749","Weaver","M",7,1880,1544
"1750","Wilton","M",7,1880,1545
"738","Abby","F",6,1880,1546
"739","Aileen","F",6,1880,1547
"740","Alba","F",6,1880,1548
"741","Alda","F",6,1880,1549
"742","Alla","F",6,1880,1550
"743","Alverta","F",6,1880,1551
"744","Ara","F",6,1880,1552
"745","Ardelia","F",6,1880,1553
"746","Ardella","F",6,1880,1554
"747","Arrie","F",6,1880,1555
"748","Arvilla","F",6,1880,1556
"749","Augustine","F",6,1880,1557
"750","Aurora","F",6,1880,1558
"751","Bama","F",6,1880,1559
"752","Bena","F",6,1880,1560
"753","Byrd","F",6,1880,1561
"754","Calla","F",6,1880,1562
"755","Camilla","F",6,1880,1563
"756","Carey","F",6,1880,1564
"757","Carlotta","F",6,1880,1565
"758","Celestia","F",6,1880,1566
"759","Cherry","F",6,1880,1567
"760","Cinda","F",6,1880,1568
"761","Classie","F",6,1880,1569
"762","Claudine","F",6,1880,1570
"763","Clemie","F",6,1880,1571
"764","Clifford","F",6,1880,1572
"765","Clyda","F",6,1880,1573
"766","Creola","F",6,1880,1574
"767","Debbie","F",6,1880,1575
"768","Dee","F",6,1880,1576
"769","Dinah","F",6,1880,1577
"770","Doshia","F",6,1880,1578
"771","Ednah","F",6,1880,1579
"772","Edyth","F",6,1880,1580
"773","Eleanora","F",6,1880,1581
"774","Electa","F",6,1880,1582
"775","Eola","F",6,1880,1583
"776","Erie","F",6,1880,1584
"777","Eudora","F",6,1880,1585
"778","Euphemia","F",6,1880,1586
"779","Evalena","F",6,1880,1587
"780","Evaline","F",6,1880,1588
"781","Faith","F",6,1880,1589
"782","Fidelia","F",6,1880,1590
"783","Freddie","F",6,1880,1591
"784","Golda","F",6,1880,1592
"785","Harry","F",6,1880,1593
"786","Helma","F",6,1880,1594
"787","Hermine","F",6,1880,1595
"788","Hessie","F",6,1880,1596
"789","Ivah","F",6,1880,1597
"790","Janette","F",6,1880,1598
"791","Jennette","F",6,1880,1599
"792","Joella","F",6,1880,1600
"793","Kathryne","F",6,1880,1601
"794","Lacy","F",6,1880,1602
"795","Lanie","F",6,1880,1603
"796","Lauretta","F",6,1880,1604
"797","Leana","F",6,1880,1605
"798","Leatha","F",6,1880,1606
"799","Leo","F",6,1880,1607
"800","Liller","F",6,1880,1608
"801","Lillis","F",6,1880,1609
"802","Louetta","F",6,1880,1610
"803","Madie","F",6,1880,1611
"804","Mai","F",6,1880,1612
"805","Martina","F",6,1880,1613
"806","Maryann","F",6,1880,1614
"807","Melva","F",6,1880,1615
"808","Mena","F",6,1880,1616
"809","Mercedes","F",6,1880,1617
"810","Merle","F",6,1880,1618
"811","Mima","F",6,1880,1619
"812","Minda","F",6,1880,1620
"813","Monica","F",6,1880,1621
"814","Nealie","F",6,1880,1622
"815","Netta","F",6,1880,1623
"816","Nolia","F",6,1880,1624
"817","Nonie","F",6,1880,1625
"818","Odelia","F",6,1880,1626
"819","Ottilie","F",6,1880,1627
"820","Phyllis","F",6,1880,1628
"821","Robbie","F",6,1880,1629
"822","Sabina","F",6,1880,1630
"823","Sada","F",6,1880,1631
"824","Sammie","F",6,1880,1632
"825","Suzanne","F",6,1880,1633
"826","Sybilla","F",6,1880,1634
"827","Thea","F",6,1880,1635
"828","Tressie","F",6,1880,1636
"829","Vallie","F",6,1880,1637
"830","Venie","F",6,1880,1638
"831","Viney","F",6,1880,1639
"832","Wilhelmine","F",6,1880,1640
"833","Winona","F",6,1880,1641
"834","Zelda","F",6,1880,1642
"835","Zilpha","F",6,1880,1643
"1751","Adolf","M",6,1880,1644
"1752","Albin","M",6,1880,1645
"1753","Albion","M",6,1880,1646
"1754","Allison","M",6,1880,1647
"1755","Alpha","M",6,1880,1648
"1756","Alpheus","M",6,1880,1649
"1757","Anastacio","M",6,1880,1650
"1758","Andre","M",6,1880,1651
"1759","Annie","M",6,1880,1652
"1760","Arlington","M",6,1880,1653
"1761","Armand","M",6,1880,1654
"1762","Asberry","M",6,1880,1655
"1763","Asbury","M",6,1880,1656
"1764","Asher","M",6,1880,1657
"1765","Augustin","M",6,1880,1658
"1766","Auther","M",6,1880,1659
"1767","Author","M",6,1880,1660
"1768","Ballard","M",6,1880,1661
"1769","Blas","M",6,1880,1662
"1770","Caesar","M",6,1880,1663
"1771","Candido","M",6,1880,1664
"1772","Cato","M",6,1880,1665
"1773","Clarke","M",6,1880,1666
"1774","Clemente","M",6,1880,1667
"1775","Colin","M",6,1880,1668
"1776","Commodore","M",6,1880,1669
"1777","Cora","M",6,1880,1670
"1778","Coy","M",6,1880,1671
"1779","Cruz","M",6,1880,1672
"1780","Curt","M",6,1880,1673
"1781","Damon","M",6,1880,1674
"1782","Davie","M",6,1880,1675
"1783","Delmar","M",6,1880,1676
"1784","Dexter","M",6,1880,1677
"1785","Dora","M",6,1880,1678
"1786","Doss","M",6,1880,1679
"1787","Drew","M",6,1880,1680
"1788","Edson","M",6,1880,1681
"1789","Elam","M",6,1880,1682
"1790","Elihu","M",6,1880,1683
"1791","Eliza","M",6,1880,1684
"1792","Elsie","M",6,1880,1685
"1793","Erie","M",6,1880,1686
"1794","Ernie","M",6,1880,1687
"1795","Ethel","M",6,1880,1688
"1796","Ferd","M",6,1880,1689
"1797","Friend","M",6,1880,1690
"1798","Garry","M",6,1880,1691
"1799","Gary","M",6,1880,1692
"1800","Grace","M",6,1880,1693
"1801","Gustaf","M",6,1880,1694
"1802","Hallie","M",6,1880,1695
"1803","Hampton","M",6,1880,1696
"1804","Harrie","M",6,1880,1697
"1805","Hattie","M",6,1880,1698
"1806","Hence","M",6,1880,1699
"1807","Hillard","M",6,1880,1700
"1808","Hollie","M",6,1880,1701
"1809","Holmes","M",6,1880,1702
"1810","Hope","M",6,1880,1703
"1811","Hyman","M",6,1880,1704
"1812","Ishmael","M",6,1880,1705
"1813","Jarrett","M",6,1880,1706
"1814","Jessee","M",6,1880,1707
"1815","Joeseph","M",6,1880,1708
"1816","Junious","M",6,1880,1709
"1817","Kirk","M",6,1880,1710
"1818","Levy","M",6,1880,1711
"1819","Mervin","M",6,1880,1712
"1820","Michel","M",6,1880,1713
"1821","Milford","M",6,1880,1714
"1822","Mitchel","M",6,1880,1715
"1823","Nellie","M",6,1880,1716
"1824","Noble","M",6,1880,1717
"1825","Obed","M",6,1880,1718
"1826","Oda","M",6,1880,1719
"1827","Orren","M",6,1880,1720
"1828","Ottis","M",6,1880,1721
"1829","Rafe","M",6,1880,1722
"1830","Redden","M",6,1880,1723
"1831","Reese","M",6,1880,1724
"1832","Rube","M",6,1880,1725
"1833","Ruby","M",6,1880,1726
"1834","Rupert","M",6,1880,1727
"1835","Salomon","M",6,1880,1728
"1836","Sammie","M",6,1880,1729
"1837","Sanders","M",6,1880,1730
"1838","Soloman","M",6,1880,1731
"1839","Stacy","M",6,1880,1732
"1840","Stanford","M",6,1880,1733
"1841","Stanton","M",6,1880,1734
"1842","Thad","M",6,1880,1735
"1843","Titus","M",6,1880,1736
"1844","Tracy","M",6,1880,1737
"1845","Vernie","M",6,1880,1738
"1846","Wendell","M",6,1880,1739
"1847","Wilhelm","M",6,1880,1740
"1848","Willian","M",6,1880,1741
"1849","Yee","M",6,1880,1742
"1850","Zeke","M",6,1880,1743
"836","Adelle","F",5,1880,1744
"837","Adina","F",5,1880,1745
"838","Adrienne","F",5,1880,1746
"839","Albertine","F",5,1880,1747
"840","Alys","F",5,1880,1748
"841","Ana","F",5,1880,1749
"842","Araminta","F",5,1880,1750
"843","Arthur","F",5,1880,1751
"844","Birtha","F",5,1880,1752
"845","Bulah","F",5,1880,1753
"846","Caddie","F",5,1880,1754
"847","Celie","F",5,1880,1755
"848","Charlotta","F",5,1880,1756
"849","Clair","F",5,1880,1757
"850","Concepcion","F",5,1880,1758
"851","Cordella","F",5,1880,1759
"852","Corrine","F",5,1880,1760
"853","Delila","F",5,1880,1761
"854","Delphine","F",5,1880,1762
"855","Dosha","F",5,1880,1763
"856","Edgar","F",5,1880,1764
"857","Elaine","F",5,1880,1765
"858","Elisa","F",5,1880,1766
"859","Ellar","F",5,1880,1767
"860","Elmire","F",5,1880,1768
"861","Elvina","F",5,1880,1769
"862","Ena","F",5,1880,1770
"863","Estie","F",5,1880,1771
"864","Etter","F",5,1880,1772
"865","Fronnie","F",5,1880,1773
"866","Genie","F",5,1880,1774
"867","Georgina","F",5,1880,1775
"868","Glenn","F",5,1880,1776
"869","Gracia","F",5,1880,1777
"870","Guadalupe","F",5,1880,1778
"871","Gwendolyn","F",5,1880,1779
"872","Hassie","F",5,1880,1780
"873","Honora","F",5,1880,1781
"874","Icy","F",5,1880,1782
"875","Isa","F",5,1880,1783
"876","Isadora","F",5,1880,1784
"877","Jesse","F",5,1880,1785
"878","Jewel","F",5,1880,1786
"879","Joe","F",5,1880,1787
"880","Johannah","F",5,1880,1788
"881","Juana","F",5,1880,1789
"882","Judith","F",5,1880,1790
"883","Judy","F",5,1880,1791
"884","Junie","F",5,1880,1792
"885","Lavonia","F",5,1880,1793
"886","Lella","F",5,1880,1794
"887","Lemma","F",5,1880,1795
"888","Letty","F",5,1880,1796
"889","Linna","F",5,1880,1797
"890","Littie","F",5,1880,1798
"891","Lollie","F",5,1880,1799
"892","Lorene","F",5,1880,1800
"893","Louis","F",5,1880,1801
"894","Love","F",5,1880,1802
"895","Lovisa","F",5,1880,1803
"896","Lucina","F",5,1880,1804
"897","Lynn","F",5,1880,1805
"898","Madora","F",5,1880,1806
"899","Mahalia","F",5,1880,1807
"900","Manervia","F",5,1880,1808
"901","Manuela","F",5,1880,1809
"902","Margarett","F",5,1880,1810
"903","Margaretta","F",5,1880,1811
"904","Margarita","F",5,1880,1812
"905","Marilla","F",5,1880,1813
"906","Mignon","F",5,1880,1814
"907","Mozella","F",5,1880,1815
"908","Natalie","F",5,1880,1816
"909","Nelia","F",5,1880,1817
"910","Nolie","F",5,1880,1818
"911","Omie","F",5,1880,1819
"912","Opal","F",5,1880,1820
"913","Ossie","F",5,1880,1821
"914","Ottie","F",5,1880,1822
"915","Ottilia","F",5,1880,1823
"916","Parthenia","F",5,1880,1824
"917","Penelope","F",5,1880,1825
"918","Pinkey","F",5,1880,1826
"919","Pollie","F",5,1880,1827
"920","Rennie","F",5,1880,1828
"921","Reta","F",5,1880,1829
"922","Roena","F",5,1880,1830
"923","Rosalee","F",5,1880,1831
"924","Roseanna","F",5,1880,1832
"925","Ruthie","F",5,1880,1833
"926","Sabra","F",5,1880,1834
"927","Sannie","F",5,1880,1835
"928","Selena","F",5,1880,1836
"929","Sibyl","F",5,1880,1837
"930","Tella","F",5,1880,1838
"931","Tempie","F",5,1880,1839
"932","Tennessee","F",5,1880,1840
"933","Teressa","F",5,1880,1841
"934","Texas","F",5,1880,1842
"935","Theda","F",5,1880,1843
"936","Thelma","F",5,1880,1844
"937","Thursa","F",5,1880,1845
"938","Ula","F",5,1880,1846
"939","Vannie","F",5,1880,1847
"940","Verona","F",5,1880,1848
"941","Vertie","F",5,1880,1849
"942","Wilma","F",5,1880,1850
"1851","Ab","M",5,1880,1851
"1852","Abbott","M",5,1880,1852
"1853","Agustus","M",5,1880,1853
"1854","Albertus","M",5,1880,1854
"1855","Almer","M",5,1880,1855
"1856","Alphonso","M",5,1880,1856
"1857","Alvia","M",5,1880,1857
"1858","Artie","M",5,1880,1858
"1859","Arvid","M",5,1880,1859
"1860","Ashby","M",5,1880,1860
"1861","Augusta","M",5,1880,1861
"1862","Aurthur","M",5,1880,1862
"1863","Babe","M",5,1880,1863
"1864","Baldwin","M",5,1880,1864
"1865","Barnett","M",5,1880,1865
"1866","Bartholomew","M",5,1880,1866
"1867","Barton","M",5,1880,1867
"1868","Bernie","M",5,1880,1868
"1869","Blaine","M",5,1880,1869
"1870","Boston","M",5,1880,1870
"1871","Brad","M",5,1880,1871
"1872","Bradford","M",5,1880,1872
"1873","Bradley","M",5,1880,1873
"1874","Brooks","M",5,1880,1874
"1875","Buck","M",5,1880,1875
"1876","Budd","M",5,1880,1876
"1877","Ceylon","M",5,1880,1877
"1878","Chalmers","M",5,1880,1878
"1879","Chesley","M",5,1880,1879
"1880","Chin","M",5,1880,1880
"1881","Cleo","M",5,1880,1881
"1882","Crockett","M",5,1880,1882
"1883","Cyril","M",5,1880,1883
"1884","Daisy","M",5,1880,1884
"1885","Denver","M",5,1880,1885
"1886","Dow","M",5,1880,1886
"1887","Duff","M",5,1880,1887
"1888","Edie","M",5,1880,1888
"1889","Edith","M",5,1880,1889
"1890","Elick","M",5,1880,1890
"1891","Elie","M",5,1880,1891
"1892","Eliga","M",5,1880,1892
"1893","Eliseo","M",5,1880,1893
"1894","Elroy","M",5,1880,1894
"1895","Ely","M",5,1880,1895
"1896","Ennis","M",5,1880,1896
"1897","Enrique","M",5,1880,1897
"1898","Erasmus","M",5,1880,1898
"1899","Esau","M",5,1880,1899
"1900","Everette","M",5,1880,1900
"1901","Firman","M",5,1880,1901
"1902","Fleming","M",5,1880,1902
"1903","Flora","M",5,1880,1903
"1904","Gardner","M",5,1880,1904
"1905","Gee","M",5,1880,1905
"1906","Gorge","M",5,1880,1906
"1907","Gottlieb","M",5,1880,1907
"1908","Gregorio","M",5,1880,1908
"1909","Gregory","M",5,1880,1909
"1910","Gustavus","M",5,1880,1910
"1911","Halsey","M",5,1880,1911
"1912","Handy","M",5,1880,1912
"1913","Hardie","M",5,1880,1913
"1914","Harl","M",5,1880,1914
"1915","Hayden","M",5,1880,1915
"1916","Hays","M",5,1880,1916
"1917","Hermon","M",5,1880,1917
"1918","Hershel","M",5,1880,1918
"1919","Holly","M",5,1880,1919
"1920","Hosteen","M",5,1880,1920
"1921","Hoyt","M",5,1880,1921
"1922","Hudson","M",5,1880,1922
"1923","Huey","M",5,1880,1923
"1924","Humphrey","M",5,1880,1924
"1925","Hunt","M",5,1880,1925
"1926","Hyrum","M",5,1880,1926
"1927","Irven","M",5,1880,1927
"1928","Isam","M",5,1880,1928
"1929","Ivy","M",5,1880,1929
"1930","Jabez","M",5,1880,1930
"1931","Jewel","M",5,1880,1931
"1932","Jodie","M",5,1880,1932
"1933","Judd","M",5,1880,1933
"1934","Julious","M",5,1880,1934
"1935","Justice","M",5,1880,1935
"1936","Katherine","M",5,1880,1936
"1937","Kelly","M",5,1880,1937
"1938","Kit","M",5,1880,1938
"1939","Knute","M",5,1880,1939
"1940","Lavern","M",5,1880,1940
"1941","Lawyer","M",5,1880,1941
"1942","Layton","M",5,1880,1942
"1943","Leonidas","M",5,1880,1943
"1944","Lewie","M",5,1880,1944
"1945","Lillie","M",5,1880,1945
"1946","Linwood","M",5,1880,1946
"1947","Loran","M",5,1880,1947
"1948","Lorin","M",5,1880,1948
"1949","Mace","M",5,1880,1949
"1950","Malcom","M",5,1880,1950
"1951","Manly","M",5,1880,1951
"1952","Manson","M",5,1880,1952
"1953","Matthias","M",5,1880,1953
"1954","Mattie","M",5,1880,1954
"1955","Merida","M",5,1880,1955
"1956","Miner","M",5,1880,1956
"1957","Montgomery","M",5,1880,1957
"1958","Moroni","M",5,1880,1958
"1959","Murdock","M",5,1880,1959
"1960","Myrtle","M",5,1880,1960
"1961","Nate","M",5,1880,1961
"1962","Nathanial","M",5,1880,1962
"1963","Nimrod","M",5,1880,1963
"1964","Nora","M",5,1880,1964
"1965","Norval","M",5,1880,1965
"1966","Nova","M",5,1880,1966
"1967","Orion","M",5,1880,1967
"1968","Orla","M",5,1880,1968
"1969","Orrie","M",5,1880,1969
"1970","Payton","M",5,1880,1970
"1971","Philo","M",5,1880,1971
"1972","Phineas","M",5,1880,1972
"1973","Presley","M",5,1880,1973
"1974","Ransom","M",5,1880,1974
"1975","Reece","M",5,1880,1975
"1976","Rene","M",5,1880,1976
"1977","Roswell","M",5,1880,1977
"1978","Rowland","M",5,1880,1978
"1979","Sampson","M",5,1880,1979
"1980","Samual","M",5,1880,1980
"1981","Santos","M",5,1880,1981
"1982","Schuyler","M",5,1880,1982
"1983","Sheppard","M",5,1880,1983
"1984","Spurgeon","M",5,1880,1984
"1985","Starling","M",5,1880,1985
"1986","Sylvanus","M",5,1880,1986
"1987","Theadore","M",5,1880,1987
"1988","Theophile","M",5,1880,1988
"1989","Tilmon","M",5,1880,1989
"1990","Tommy","M",5,1880,1990
"1991","Unknown","M",5,1880,1991
"1992","Vann","M",5,1880,1992
"1993","Wes","M",5,1880,1993
"1994","Winston","M",5,1880,1994
"1995","Wood","M",5,1880,1995
"1996","Woodie","M",5,1880,1996
"1997","Worthy","M",5,1880,1997
"1998","Wright","M",5,1880,1998
"1999","York","M",5,1880,1999
"2000","Zachariah","M",5,1880,2000
